[
    {
        "action": "checkin",
        "course": "General",
        "fingerprint": "15e6ef467d30ccb6e10ab5895f5c8537",
        "ip": "::1",
        "matric": "2023011471",
        "name": "Akintunde Dolapo",
        "prevHash": null,
        "timestamp": "2025-07-09 09:36:13",
        "userAgent": "Mozilla/5.0 (Windows NT 10.0; Win64; x64) AppleWebKit/537.36 (KHTML, like Gecko) Chrome/138.0.0.0 Safari/537.36",
        "hash": "7c47150e98a4ef7dfc983cb5fe93330c83fa4fb391be7818a47c7ebb05351108"
    },
    {
        "action": "checkout",
        "course": "General",
        "fingerprint": "15e6ef467d30ccb6e10ab5895f5c8537",
        "ip": "::1",
        "matric": "2023011471",
        "name": "Akintunde Dolapo",
        "prevHash": "7c47150e98a4ef7dfc983cb5fe93330c83fa4fb391be7818a47c7ebb05351108",
        "timestamp": "2025-07-09 09:36:37",
        "userAgent": "Mozilla/5.0 (Windows NT 10.0; Win64; x64) AppleWebKit/537.36 (KHTML, like Gecko) Chrome/138.0.0.0 Safari/537.36",
        "hash": "e45717952089a68017b7c48d4adafb2284c2c61a9aef2d4c42073c1c15fbc104"
    },
    {
        "action": "checkin",
        "course": "General",
        "fingerprint": "5863e6a5f85709fb472e65e260f7fb83",
        "ip": "192.168.8.110",
        "matric": "2023003705",
        "name": "Olabiyi Christopher",
        "prevHash": "e45717952089a68017b7c48d4adafb2284c2c61a9aef2d4c42073c1c15fbc104",
        "timestamp": "2025-07-09 09:59:36",
        "userAgent": "Mozilla/5.0 (Linux; Android 10; K) AppleWebKit/537.36 (KHTML, like Gecko) Chrome/137.0.0.0 Mobile Safari/537.36",
        "hash": "f0d8abe15a7df5b08c850b4040f1e79d8d3d5ae1c540b91032ad8e1eab391021"
    },
    {
        "action": "checkin",
        "course": "General",
        "fingerprint": "391747ddf9f7e076d89a8129050ede24",
        "ip": "192.168.8.102",
        "matric": "2023005577",
        "name": "Rufai Michael",
        "prevHash": "f0d8abe15a7df5b08c850b4040f1e79d8d3d5ae1c540b91032ad8e1eab391021",
        "timestamp": "2025-07-09 09:59:41",
        "userAgent": "Mozilla/5.0 (Linux; Android 10; K) AppleWebKit/537.36 (KHTML, like Gecko) Chrome/137.0.0.0 Mobile Safari/537.36",
        "hash": "9bad2e647cb4429d25d1370118f0a022785075912b32d72febfba94ea08403d6"
    },
    {
        "action": "checkin",
        "course": "General",
        "fingerprint": "ba41437d11aa70b1e29ae73ec1abd1f3",
        "ip": "192.168.8.109",
        "matric": "2023006517",
        "name": "OGUNDAYO MUBARAQ ABIODUN",
        "prevHash": "9bad2e647cb4429d25d1370118f0a022785075912b32d72febfba94ea08403d6",
        "timestamp": "2025-07-09 10:00:03",
        "userAgent": "Mozilla/5.0 (Linux; Android 10; K) AppleWebKit/537.36 (KHTML, like Gecko) Chrome/138.0.0.0 Mobile Safari/537.36",
        "hash": "cc55ef6168acd09810b9ad0791eb0daccb14a2b2c5dcc55698b02248799060b7"
    },
    {
        "action": "checkin",
        "course": "General",
        "fingerprint": "1af1a889db7ddbf43dfada97b1a0c089",
        "ip": "192.168.8.112",
        "matric": "2023009478",
        "name": "Balogun Joseph Segun",
        "prevHash": "cc55ef6168acd09810b9ad0791eb0daccb14a2b2c5dcc55698b02248799060b7",
        "timestamp": "2025-07-09 10:00:14",
        "userAgent": "Mozilla/5.0 (Linux; Android 10; K) AppleWebKit/537.36 (KHTML, like Gecko) Chrome/137.0.0.0 Mobile Safari/537.36",
        "hash": "ab4896be9f585a9d2368df529dbfa4c5fc85c28e76e1ee0bf37d6e6707dc694b"
    },
    {
        "action": "checkin",
        "course": "General",
        "fingerprint": "5b55e7f0d9497afbf1a871d6e15787bc",
        "ip": "192.168.8.108",
        "matric": "2023008731",
        "name": "Bolarinwa Toluwanimi Ebenezer",
        "prevHash": "ab4896be9f585a9d2368df529dbfa4c5fc85c28e76e1ee0bf37d6e6707dc694b",
        "timestamp": "2025-07-09 10:00:46",
        "userAgent": "Mozilla/5.0 (Linux; Android 11; TECNO BD2p) AppleWebKit/537.36 (KHTML, like Gecko) Chrome/97.0.4692.98 Mobile Safari/537.36",
        "hash": "db7c5dffb67b35972fe5bf419079a1076cb8cd89de2168c2a17158ca289fc129"
    },
    {
        "action": "checkin",
        "course": "General",
        "fingerprint": "1bba97a8b5c0082c9b898e295aeccbcc",
        "ip": "192.168.8.106",
        "matric": "2023003837",
        "name": "ADEDOKUN SAMUEL ENIOLALOLUWA",
        "prevHash": "db7c5dffb67b35972fe5bf419079a1076cb8cd89de2168c2a17158ca289fc129",
        "timestamp": "2025-07-09 10:01:02",
        "userAgent": "Mozilla/5.0 (Linux; Android 10; K) AppleWebKit/537.36 (KHTML, like Gecko) Chrome/136.0.0.0 Mobile Safari/537.36",
        "hash": "e6205901321d909de10a5fd599b4edcbd2b36aebea5f63eed2d1fa4f5f821adb"
    },
    {
        "action": "checkin",
        "course": "General",
        "fingerprint": "e0b518d1a95748e24a07381cac447826",
        "ip": "192.168.8.107",
        "matric": "2023004847",
        "name": "Anigilaje Abdafar eniola",
        "prevHash": "e6205901321d909de10a5fd599b4edcbd2b36aebea5f63eed2d1fa4f5f821adb",
        "timestamp": "2025-07-09 10:01:03",
        "userAgent": "Mozilla/5.0 (iPhone; CPU iPhone OS 18_4_1 like Mac OS X) AppleWebKit/605.1.15 (KHTML, like Gecko) CriOS/137.0.7151.79 Mobile/15E148 Safari/604.1",
        "hash": "462ccc14a86ba1b736d607d7990bc415c518d10e0c02eddab2dc8eb08d3ef9ad"
    },
    {
        "action": "checkin",
        "course": "General",
        "fingerprint": "e9fc5915c1d3443b60dd59337f4809cc",
        "ip": "192.168.8.104",
        "matric": "2023009248",
        "name": "Akintomowo Ayomide Joshua",
        "prevHash": "462ccc14a86ba1b736d607d7990bc415c518d10e0c02eddab2dc8eb08d3ef9ad",
        "timestamp": "2025-07-09 10:01:06",
        "userAgent": "Mozilla/5.0 (Linux; Android 10; K) AppleWebKit/537.36 (KHTML, like Gecko) Chrome/137.0.0.0 Mobile Safari/537.36",
        "hash": "56f2d48ec8a95569d6e95cd4757affe3428324c2670e3ca9615c65891406d8cd"
    },
    {
        "action": "checkin",
        "course": "General",
        "fingerprint": "7be02adb13df37b4c935ae1558faec43",
        "ip": "192.168.8.103",
        "matric": "2023003179",
        "name": "Bello Mubaraq Ayomide",
        "prevHash": "56f2d48ec8a95569d6e95cd4757affe3428324c2670e3ca9615c65891406d8cd",
        "timestamp": "2025-07-09 10:01:21",
        "userAgent": "Mozilla/5.0 (Linux; Android 10; K) AppleWebKit/537.36 (KHTML, like Gecko) Chrome/131.0.0.0 Mobile Safari/537.36",
        "hash": "bd6e8ada3c04842686ff0a9362d24c55804ecc07f9998f7b2b17ad8d7b9f16f1"
    },
    {
        "action": "checkin",
        "course": "General",
        "fingerprint": "5c168c6e475cce2ea2653d5f51aeaebf",
        "ip": "192.168.8.101",
        "matric": "202305742",
        "name": "Gbadamosi Abayomi",
        "prevHash": "bd6e8ada3c04842686ff0a9362d24c55804ecc07f9998f7b2b17ad8d7b9f16f1",
        "timestamp": "2025-07-09 10:01:38",
        "userAgent": "Mozilla/5.0 (iPhone; CPU iPhone OS 18_4_1 like Mac OS X) AppleWebKit/605.1.15 (KHTML, like Gecko) Version/18.4 Mobile/15E148 Safari/604.1",
        "hash": "e53f00f7698604a22b9bc4e85ed629b546b27f8d03fb598af741d335703779af"
    },
    {
        "action": "checkin",
        "course": "General",
        "fingerprint": "manual_entry",
        "ip": "::1",
        "matric": "2023003318",
        "name": "Abiade Oluwatomiwa Michael",
        "prevHash": "e53f00f7698604a22b9bc4e85ed629b546b27f8d03fb598af741d335703779af",
        "reason": "Phone's dead",
        "timestamp": "2025-07-09 10:03:46",
        "userAgent": "manual",
        "hash": "bf51cdbf8e441b9c8d434e24f6b90cf242f621ab5bea929840eae95a2eaab7f8"
    },
    {
        "action": "checkin",
        "course": "General",
        "fingerprint": "manual_entry",
        "ip": "::1",
        "matric": "2023002654",
        "name": "Ishola Samuel Odunayo",
        "prevHash": "bf51cdbf8e441b9c8d434e24f6b90cf242f621ab5bea929840eae95a2eaab7f8",
        "reason": "Phone's dead",
        "timestamp": "2025-07-09 10:04:08",
        "userAgent": "manual",
        "hash": "d86054f5a126c689c5d8310fe1e6ebda212a0dda686f0e0656c533a19be35542"
    },
    {
        "action": "checkout",
        "course": "General",
        "fingerprint": "7be02adb13df37b4c935ae1558faec43",
        "ip": "192.168.8.103",
        "matric": "2023003179",
        "name": "Bello Mubaraq Ayomide",
        "prevHash": "d86054f5a126c689c5d8310fe1e6ebda212a0dda686f0e0656c533a19be35542",
        "timestamp": "2025-07-09 10:04:44",
        "userAgent": "Mozilla/5.0 (Linux; Android 10; K) AppleWebKit/537.36 (KHTML, like Gecko) Chrome/131.0.0.0 Mobile Safari/537.36",
        "hash": "80ffd255e8bf0af3a6dd6722a970242f85d3096bbd87230546e58630bded0631"
    },
    {
        "action": "checkout",
        "course": "General",
        "fingerprint": "391747ddf9f7e076d89a8129050ede24",
        "ip": "192.168.8.102",
        "matric": "2023005577",
        "name": "Rufai Michael",
        "prevHash": "80ffd255e8bf0af3a6dd6722a970242f85d3096bbd87230546e58630bded0631",
        "timestamp": "2025-07-09 10:04:45",
        "userAgent": "Mozilla/5.0 (Linux; Android 10; K) AppleWebKit/537.36 (KHTML, like Gecko) Chrome/137.0.0.0 Mobile Safari/537.36",
        "hash": "66cd9f9877ef456398121b0310e8b80a5c272d4ee4a48c7112c9d658ffb7ab2c"
    },
    {
        "action": "checkout",
        "course": "General",
        "fingerprint": "ba41437d11aa70b1e29ae73ec1abd1f3",
        "ip": "192.168.8.109",
        "matric": "2023006517",
        "name": "OGUNDAYO MUBARAQ ABIODUN",
        "prevHash": "66cd9f9877ef456398121b0310e8b80a5c272d4ee4a48c7112c9d658ffb7ab2c",
        "timestamp": "2025-07-09 10:04:51",
        "userAgent": "Mozilla/5.0 (Linux; Android 10; K) AppleWebKit/537.36 (KHTML, like Gecko) Chrome/138.0.0.0 Mobile Safari/537.36",
        "hash": "1d2e2916a01304b6a11eac1cba0130e1c1fc3a4df30d9be84caf04e9495dfbd3"
    },
    {
        "action": "checkin",
        "course": "General",
        "fingerprint": "manual_entry",
        "ip": "::1",
        "matric": "2023003318",
        "name": "Abiade Oluwatomiwa Michael",
        "prevHash": "1d2e2916a01304b6a11eac1cba0130e1c1fc3a4df30d9be84caf04e9495dfbd3",
        "reason": "Phone's dead",
        "timestamp": "2025-07-09 10:05:00",
        "userAgent": "manual",
        "hash": "a41dfa2a3d4e8d192165c4fe854d578c07a5d39ad7d986ba6a8563727022de00"
    },
    {
        "action": "checkout",
        "course": "General",
        "fingerprint": "e9fc5915c1d3443b60dd59337f4809cc",
        "ip": "192.168.8.104",
        "matric": "2023009248",
        "name": "Akintomowo Ayomide Joshua",
        "prevHash": "a41dfa2a3d4e8d192165c4fe854d578c07a5d39ad7d986ba6a8563727022de00",
        "timestamp": "2025-07-09 10:05:01",
        "userAgent": "Mozilla/5.0 (Linux; Android 10; K) AppleWebKit/537.36 (KHTML, like Gecko) Chrome/137.0.0.0 Mobile Safari/537.36",
        "hash": "983adfde8f5804ddc8fb713ff65b35a57180882faefa306c6d4fb76bba34438b"
    },
    {
        "action": "checkout",
        "course": "General",
        "fingerprint": "1bba97a8b5c0082c9b898e295aeccbcc",
        "ip": "192.168.8.106",
        "matric": "2023003837",
        "name": "ADEDOKUN SAMUEL ENIOLALOLUWA",
        "prevHash": "983adfde8f5804ddc8fb713ff65b35a57180882faefa306c6d4fb76bba34438b",
        "timestamp": "2025-07-09 10:05:02",
        "userAgent": "Mozilla/5.0 (Linux; Android 10; K) AppleWebKit/537.36 (KHTML, like Gecko) Chrome/136.0.0.0 Mobile Safari/537.36",
        "hash": "b3e145bb9af57a6a26e006e11a950c1a1b6ea29d1aaea25e0e84ba82662ecd50"
    },
    {
        "action": "checkin",
        "course": "General",
        "fingerprint": "manual_entry",
        "ip": "::1",
        "matric": "2023002654",
        "name": "Ishola Samuel Odunayo",
        "prevHash": "b3e145bb9af57a6a26e006e11a950c1a1b6ea29d1aaea25e0e84ba82662ecd50",
        "reason": "Phone's dead",
        "timestamp": "2025-07-09 10:05:09",
        "userAgent": "manual",
        "hash": "f676a95c9d960af72657842ba7cc2346e4f83b1d74a89c81ef0eb98f3cbead18"
    },
    {
        "action": "checkout",
        "course": "General",
        "fingerprint": "e0b518d1a95748e24a07381cac447826",
        "ip": "192.168.8.107",
        "matric": "2023004847",
        "name": "Anigilaje abdgafar eniola",
        "prevHash": "f676a95c9d960af72657842ba7cc2346e4f83b1d74a89c81ef0eb98f3cbead18",
        "timestamp": "2025-07-09 10:05:36",
        "userAgent": "Mozilla/5.0 (iPhone; CPU iPhone OS 18_4_1 like Mac OS X) AppleWebKit/605.1.15 (KHTML, like Gecko) CriOS/137.0.7151.79 Mobile/15E148 Safari/604.1",
        "hash": "d69fcdb1b4c258c5a9d14704802fe101d167ad26610bbf28b915e30df39032b5"
    },
    {
        "action": "checkout",
        "course": "General",
        "fingerprint": "5b55e7f0d9497afbf1a871d6e15787bc",
        "ip": "192.168.8.108",
        "matric": "2023008731",
        "name": "Bolarinwa Toluwanimi Ebenezer",
        "prevHash": "d69fcdb1b4c258c5a9d14704802fe101d167ad26610bbf28b915e30df39032b5",
        "timestamp": "2025-07-09 10:05:39",
        "userAgent": "Mozilla/5.0 (Linux; Android 11; TECNO BD2p) AppleWebKit/537.36 (KHTML, like Gecko) Chrome/97.0.4692.98 Mobile Safari/537.36",
        "hash": "5780fe71c08d833cb849f7d9e5153999c0a986f349eff164834f49dbc27a87b2"
    },
    {
        "action": "checkout",
        "course": "General",
        "fingerprint": "5863e6a5f85709fb472e65e260f7fb83",
        "ip": "192.168.8.110",
        "matric": "2023003705",
        "name": "Olabiyi Christopher",
        "prevHash": "5780fe71c08d833cb849f7d9e5153999c0a986f349eff164834f49dbc27a87b2",
        "timestamp": "2025-07-09 10:07:21",
        "userAgent": "Mozilla/5.0 (Linux; Android 10; K) AppleWebKit/537.36 (KHTML, like Gecko) Chrome/137.0.0.0 Mobile Safari/537.36",
        "hash": "a641b768f9b93d51a02a50d998476c62c160c7507a9f4d2fb1c6e10cfc126edb"
    },
    {
        "action": "checkin",
        "course": "General",
        "fingerprint": "b3ad6454f2c43300ffddf0f0216a56b1",
        "ip": "192.168.8.113",
        "matric": "2023005022",
        "name": "Olakanla Jeremiah Adeola",
        "prevHash": "a641b768f9b93d51a02a50d998476c62c160c7507a9f4d2fb1c6e10cfc126edb",
        "timestamp": "2025-07-09 10:10:30",
        "userAgent": "Mozilla/5.0 (Linux; Android 10; K) AppleWebKit/537.36 (KHTML, like Gecko) Chrome/135.0.0.0 Mobile Safari/537.36",
        "hash": "2a555d0e587553f8c279e7789aca1509ed9a1a3e2f3c42654fc0848bd87e38b3"
    },
    {
        "action": "checkin",
        "course": "General",
        "fingerprint": "d84968bf0e2bbbaf46bf02a8dde6301c",
        "ip": "192.168.8.114",
        "matric": "2023004813",
        "name": "Otitoloju David Oreoluwa",
        "prevHash": "2a555d0e587553f8c279e7789aca1509ed9a1a3e2f3c42654fc0848bd87e38b3",
        "timestamp": "2025-07-09 10:10:48",
        "userAgent": "Mozilla/5.0 (iPhone; CPU iPhone OS 18_5 like Mac OS X) AppleWebKit/605.1.15 (KHTML, like Gecko) Version/18.5 Mobile/15E148 Safari/604.1",
        "hash": "b4ecaa4bd0928a6d626b1c523dd827fe755f27c95371f8e2db84949477d94aee"
    },
    {
        "action": "checkin",
        "course": "General",
        "fingerprint": "2c01ebefd46ba9bc05b3d5c2e5b82cae",
        "ip": "192.168.8.115",
        "matric": "2023007740",
        "name": "Ogundiran Oluwatosin Caleb",
        "prevHash": "b4ecaa4bd0928a6d626b1c523dd827fe755f27c95371f8e2db84949477d94aee",
        "timestamp": "2025-07-09 10:12:58",
        "userAgent": "Mozilla/5.0 (Linux; Android 10; K) AppleWebKit/537.36 (KHTML, like Gecko) Chrome/138.0.0.0 Mobile Safari/537.36",
        "hash": "a421074248c5d7773815af2e0621615d4a7892b9bd1c164c714f5105cc3b4d00"
    },
    {
        "action": "checkin",
        "course": "General",
        "fingerprint": "8c538920000bdc81ad60d278839c7638",
        "ip": "192.168.8.118",
        "matric": "2023007604",
        "name": "BAMIDELE ISAAC OLUWATIMILEYIN",
        "prevHash": "a421074248c5d7773815af2e0621615d4a7892b9bd1c164c714f5105cc3b4d00",
        "timestamp": "2025-07-09 10:14:28",
        "userAgent": "Mozilla/5.0 (iPhone; CPU iPhone OS 16_0_3 like Mac OS X) AppleWebKit/605.1.15 (KHTML, like Gecko) Version/16.0 Mobile/15E148 Safari/604.1",
        "hash": "5411a0263af2703a6c1d67497c0f867e88ac2558271dcd38188659ff63c4f022"
    },
    {
        "action": "checkin",
        "course": "General",
        "fingerprint": "77b80751bbd5db7e036b2fc8787a4800",
        "ip": "192.168.8.119",
        "matric": "2023010227",
        "name": "Adebayo Gabriel Jomiloju",
        "prevHash": "5411a0263af2703a6c1d67497c0f867e88ac2558271dcd38188659ff63c4f022",
        "timestamp": "2025-07-09 10:14:49",
        "userAgent": "Mozilla/5.0 (Linux; Android 10; K) AppleWebKit/537.36 (KHTML, like Gecko) Chrome/137.0.0.0 Mobile Safari/537.36",
        "hash": "31b059b7edf2824d941dee6dc0b4095541e8731e7d1ae211e7a79577527a4170"
    },
    {
        "action": "checkin",
        "course": "General",
        "fingerprint": "33ae949c4f653ffcbfb3277b46eef5b1",
        "ip": "192.168.8.121",
        "matric": "2023008625",
        "name": "Favour Adebisi Momooluwa",
        "prevHash": "31b059b7edf2824d941dee6dc0b4095541e8731e7d1ae211e7a79577527a4170",
        "timestamp": "2025-07-09 10:15:11",
        "userAgent": "Mozilla/5.0 (Linux; Android 10; K) AppleWebKit/537.36 (KHTML, like Gecko) Chrome/137.0.0.0 Mobile Safari/537.36",
        "hash": "cc1c1469626bcbfd5b1f112a7a230d063d5accfa11f29681c8cd50d0875e3ed9"
    },
    {
        "action": "checkin",
        "course": "General",
        "fingerprint": "8f3fd6bf1ef650d2625064a3884a5b95",
        "ip": "192.168.8.120",
        "matric": "2023007910",
        "name": "Ogundare Bowofoluwa paul",
        "prevHash": "cc1c1469626bcbfd5b1f112a7a230d063d5accfa11f29681c8cd50d0875e3ed9",
        "timestamp": "2025-07-09 10:16:50",
        "userAgent": "Mozilla/5.0 (Linux; Android 10; K) AppleWebKit/537.36 (KHTML, like Gecko) Chrome/137.0.0.0 Mobile Safari/537.36",
        "hash": "902fc6e6e48027971b52c2a95a6a1ee4c7e5a5aa0af17a1fb096e7cac0d63c78"
    },
    {
        "action": "checkin",
        "course": "General",
        "fingerprint": "fab977888f2a6a3a7b6aa746a0a767ac",
        "ip": "192.168.8.117",
        "matric": "2023006436",
        "name": "Adewola Mercy Group 6",
        "prevHash": "902fc6e6e48027971b52c2a95a6a1ee4c7e5a5aa0af17a1fb096e7cac0d63c78",
        "timestamp": "2025-07-09 10:16:56",
        "userAgent": "Mozilla/5.0 (Linux; Android 10; K) AppleWebKit/537.36 (KHTML, like Gecko) Chrome/137.0.0.0 Mobile Safari/537.36",
        "hash": "c2266761b983478e43c8bff3dcc184a74a29f66536c245bcd066b5f7180d79f0"
    },
    {
        "action": "checkin",
        "course": "General",
        "fingerprint": "0e70a165416379ae9bea4357b9eb4daa",
        "ip": "192.168.8.122",
        "matric": "2023005533",
        "name": "Adepoju Daniel Feranmi",
        "prevHash": "c2266761b983478e43c8bff3dcc184a74a29f66536c245bcd066b5f7180d79f0",
        "timestamp": "2025-07-09 10:17:08",
        "userAgent": "Mozilla/5.0 (iPhone; CPU iPhone OS 15_8_4 like Mac OS X) AppleWebKit/605.1.15 (KHTML, like Gecko) Version/15.6.7 Mobile/15E148 Safari/604.1",
        "hash": "b0aa13498ba7ce077bdad0cc202eb37cf6d4d13e36c729fff111912b350b11c2"
    },
    {
        "action": "checkin",
        "course": "General",
        "fingerprint": "994ea363b56812bf8efea3618e14dffc",
        "ip": "192.168.8.124",
        "matric": "2024006014",
        "name": "OLANREWAJU OLAMIDE SUCCESS",
        "prevHash": "b0aa13498ba7ce077bdad0cc202eb37cf6d4d13e36c729fff111912b350b11c2",
        "timestamp": "2025-07-09 10:21:44",
        "userAgent": "Mozilla/5.0 (iPhone; CPU iPhone OS 18_3_2 like Mac OS X) AppleWebKit/605.1.15 (KHTML, like Gecko) CriOS/137.0.7151.107 Mobile/15E148 Safari/604.1",
        "hash": "c07f6107c25598df402c7d34c01a8ef6423589edc32799e505fd1c4b5a9161b3"
    },
    {
        "action": "checkin",
        "course": "General",
        "fingerprint": "56f3047a6dfac1e4a4e9bca6bb42e857",
        "ip": "192.168.8.125",
        "matric": "2023003586",
        "name": "oguntoye gideon oludele group 5",
        "prevHash": "c07f6107c25598df402c7d34c01a8ef6423589edc32799e505fd1c4b5a9161b3",
        "timestamp": "2025-07-09 10:22:03",
        "userAgent": "Mozilla/5.0 (Macintosh; Intel Mac OS X 10_15_7) AppleWebKit/537.36 (KHTML, like Gecko) Chrome/138.0.0.0 Safari/537.36",
        "hash": "165a241e2590e3161272d2d9cf3a2e94ff29c70fac103d9805c7393a58c42b28"
    },
    {
        "action": "checkin",
        "course": "General",
        "fingerprint": "41dff74fe21d18ebbc080fa4173a47e7",
        "ip": "192.168.8.116",
        "matric": "2023006142",
        "name": "Taiwo Esther Anuoluwapo",
        "prevHash": "165a241e2590e3161272d2d9cf3a2e94ff29c70fac103d9805c7393a58c42b28",
        "timestamp": "2025-07-09 10:25:21",
        "userAgent": "Mozilla/5.0 (Linux; Android 10; K) AppleWebKit/537.36 (KHTML, like Gecko) Chrome/137.0.0.0 Mobile Safari/537.36",
        "hash": "99f62568b843c87104904597ed792b817942dabafa42e02a043e046df87d7987"
    },
    {
        "action": "checkin",
        "course": "General",
        "fingerprint": "6bec5f8166e5c08118fdb666995d5149",
        "ip": "192.168.8.123",
        "matric": "2023006474",
        "name": "Oloyede Islamiyah",
        "prevHash": "99f62568b843c87104904597ed792b817942dabafa42e02a043e046df87d7987",
        "timestamp": "2025-07-09 10:26:26",
        "userAgent": "Mozilla/5.0 (Linux; Android 10; K) AppleWebKit/537.36 (KHTML, like Gecko) Chrome/137.0.0.0 Mobile Safari/537.36",
        "hash": "cc656e7b0317f42638a7ac218d0c72db22d690647edbbce8bb5420ab7a231d24"
    },
    {
        "action": "checkin",
        "course": "CYB 202",
        "fingerprint": "f9903afb9e098d16c0770629e1897be8",
        "ip": "::1",
        "matric": "2023011478",
        "name": "Akintunde Dolapo",
        "prevHash": "cc656e7b0317f42638a7ac218d0c72db22d690647edbbce8bb5420ab7a231d24",
        "timestamp": "2025-07-14 12:05:05",
        "userAgent": "Mozilla/5.0 (Windows NT 10.0; Win64; x64) AppleWebKit/537.36 (KHTML, like Gecko) Chrome/138.0.0.0 Safari/537.36 Edg/138.0.0.0",
        "hash": "4cab86e672eaad1b099586aff9664a86f7acd701e972fc5ff125c084e44a1a5b"
    },
    {
        "action": "checkout",
        "course": "CYB 202",
        "fingerprint": "f9903afb9e098d16c0770629e1897be8",
        "ip": "::1",
        "matric": "2023011478",
        "name": "Akintunde Dolapo",
        "prevHash": "4cab86e672eaad1b099586aff9664a86f7acd701e972fc5ff125c084e44a1a5b",
        "timestamp": "2025-07-14 12:05:23",
        "userAgent": "Mozilla/5.0 (Windows NT 10.0; Win64; x64) AppleWebKit/537.36 (KHTML, like Gecko) Chrome/138.0.0.0 Safari/537.36 Edg/138.0.0.0",
        "hash": "c88f4df9340264ab958dccb94efffeac6c6f7adf8017969e243b7f4fbd8c4cc0"
    },
    {
        "action": "checkin",
        "course": "Group 14",
        "fingerprint": "a553fb317d612c06e2eb0ef8d2053b9d",
        "ip": "192.168.8.107",
        "matric": "2023003078",
        "name": "Morenikeji Olamide Steven",
        "prevHash": "c88f4df9340264ab958dccb94efffeac6c6f7adf8017969e243b7f4fbd8c4cc0",
        "timestamp": "2025-07-14 12:41:43",
        "userAgent": "Mozilla/5.0 (Linux; Android 6.0.1; vivo Y66) AppleWebKit/537.36 (KHTML, like Gecko) Chrome/106.0.0.0 Mobile Safari/537.36",
        "hash": "7586a56fce32e10d55424a4d2a3737eaad4c5debbba493a60766711160d45517"
    },
    {
        "action": "checkin",
        "course": "Group 14",
        "fingerprint": "d0b5a9a80b9855c24a3d6dec4121a521",
        "ip": "192.168.8.109",
        "matric": "2023011014",
        "name": "Olukoya Samuel oluwaseun",
        "prevHash": "7586a56fce32e10d55424a4d2a3737eaad4c5debbba493a60766711160d45517",
        "timestamp": "2025-07-14 12:41:58",
        "userAgent": "Mozilla/5.0 (Linux; Android 10; K) AppleWebKit/537.36 (KHTML, like Gecko) Chrome/138.0.0.0 Mobile Safari/537.36",
        "hash": "b77f1814e43538974f940213bc114f1c0a6c6dbebf38289e2fba1babd90c48fa"
    },
    {
        "action": "checkin",
        "course": "Group 14",
        "fingerprint": "cac76dd4aa452a9929b803eeba5964e6",
        "ip": "192.168.8.108",
        "matric": "2023006811",
        "name": "ALADE-YUSUFF OLUWAKAYODE SAMUEL",
        "prevHash": "b77f1814e43538974f940213bc114f1c0a6c6dbebf38289e2fba1babd90c48fa",
        "timestamp": "2025-07-14 12:42:07",
        "userAgent": "Mozilla/5.0 (iPhone; CPU iPhone OS 15_8 like Mac OS X) AppleWebKit/605.1.15 (KHTML, like Gecko) Version/15.6.6 Mobile/15E148 Safari/604.1",
        "hash": "20ca9ab660d574ee4626080fe145d121b7ac6adc56a14b44da3478e8c9210b5b"
    },
    {
        "action": "checkin",
        "course": "Group 14",
        "fingerprint": "12eb7a324cd0be10a2b772bdb44b3561",
        "ip": "192.168.8.105",
        "matric": "2023011450",
        "name": "Fajinmi Segun Ayobami",
        "prevHash": "20ca9ab660d574ee4626080fe145d121b7ac6adc56a14b44da3478e8c9210b5b",
        "timestamp": "2025-07-14 12:42:41",
        "userAgent": "Mozilla/5.0 (Linux; Android 10; K) AppleWebKit/537.36 (KHTML, like Gecko) Chrome/130.0.0.0 Mobile Safari/537.36",
        "hash": "3839cce8aace9f2af6fc851f76c7e027c6737e0a3d744037af653588e37bd48f"
    },
    {
        "action": "checkin",
        "course": "Group 14",
        "fingerprint": "420c149f3299327601406c53abf242ce",
        "ip": "192.168.8.106",
        "matric": "2023003237",
        "name": "Fasola Glory oluwadara",
        "prevHash": "3839cce8aace9f2af6fc851f76c7e027c6737e0a3d744037af653588e37bd48f",
        "timestamp": "2025-07-14 12:43:02",
        "userAgent": "Mozilla/5.0 (Linux; Android 10; K) AppleWebKit/537.36 (KHTML, like Gecko) Chrome/136.0.0.0 Mobile Safari/537.36",
        "hash": "30b4bc9cfcdb27707bbbfeb2a38b36e05b186fae7d233065b638ccaac663c65b"
    },
    {
        "action": "checkin",
        "course": "Group 14",
        "fingerprint": "b84408989f1afec780ade94ac89d7fa3",
        "ip": "192.168.8.103",
        "matric": "2023008911",
        "name": "Kolade David oluwafemi",
        "prevHash": "30b4bc9cfcdb27707bbbfeb2a38b36e05b186fae7d233065b638ccaac663c65b",
        "timestamp": "2025-07-14 12:43:05",
        "userAgent": "Mozilla/5.0 (Linux; Android 10; K) AppleWebKit/537.36 (KHTML, like Gecko) Chrome/120.0.0.0 Mobile Safari/537.36",
        "hash": "74f9534707277fff410f356fd3306a571046541f92e36a7aa671dbd7a005cc03"
    },
    {
        "action": "checkin",
        "course": "Group 14",
        "fingerprint": "1d96a26bcad91e6871de09afb2d7a65e",
        "ip": "192.168.8.104",
        "matric": "2023009292",
        "name": "Oyinloye Jeremiah olufemi",
        "prevHash": "74f9534707277fff410f356fd3306a571046541f92e36a7aa671dbd7a005cc03",
        "timestamp": "2025-07-14 12:43:28",
        "userAgent": "Mozilla/5.0 (iPhone; CPU iPhone OS 18_3_2 like Mac OS X) AppleWebKit/605.1.15 (KHTML, like Gecko) Version/18.3.1 Mobile/15E148 Safari/604.1",
        "hash": "37489e168d47abfcd002b64562ae1cb97b900948731456ce6b1365c4490976e0"
    },
    {
        "action": "checkin",
        "course": "Group 14",
        "fingerprint": "fa42ad0ef972022f6378904eea4f7acf",
        "ip": "192.168.8.111",
        "matric": "2023010466",
        "name": "Owolabi Oluwatunmise Amos",
        "prevHash": "37489e168d47abfcd002b64562ae1cb97b900948731456ce6b1365c4490976e0",
        "timestamp": "2025-07-14 12:44:20",
        "userAgent": "Mozilla/5.0 (iPhone; CPU iPhone OS 18_5 like Mac OS X) AppleWebKit/605.1.15 (KHTML, like Gecko) Version/18.5 Mobile/15E148 Safari/604.1",
        "hash": "43431b010f8300a11bec9835f6896843c747446218f1d57c2e8a2d8a461dcddf"
    },
    {
        "action": "checkin",
        "course": "Group 14",
        "fingerprint": "53efd911dccdd442556c20846632d9dc",
        "ip": "192.168.8.110",
        "matric": "2024008621",
        "name": "Olawale Olamide Philip",
        "prevHash": "43431b010f8300a11bec9835f6896843c747446218f1d57c2e8a2d8a461dcddf",
        "timestamp": "2025-07-14 12:45:00",
        "userAgent": "Mozilla/5.0 (iPhone; CPU iPhone OS 15_8_3 like Mac OS X) AppleWebKit/605.1.15 (KHTML, like Gecko) Version/15.6.6 Mobile/15E148 Safari/604.1",
        "hash": "f203c77dcd44828d2f621ba8b41fcd396679e88739189d7c60c25f0e0b453aa3"
    },
    {
        "action": "checkin",
        "course": "Group 14",
        "fingerprint": "9c89ef8dc6fba14966c530396b2076cb",
        "ip": "192.168.8.116",
        "matric": "2023009461",
        "name": "Adewodun Samuel Oluwateniola",
        "prevHash": "f203c77dcd44828d2f621ba8b41fcd396679e88739189d7c60c25f0e0b453aa3",
        "timestamp": "2025-07-14 12:45:59",
        "userAgent": "Mozilla/5.0 (iPhone; CPU iPhone OS 15_8_4 like Mac OS X) AppleWebKit/605.1.15 (KHTML, like Gecko) Version/15.6.7 Mobile/15E148 Safari/604.1",
        "hash": "c9d7b0a9d84828b7c76c8786e1383b26807eb18f676d8df20569424e7b6deb62"
    },
    {
        "action": "checkin",
        "course": "Group 14",
        "fingerprint": "ec58e103964bf2a8510edb3e595e7abc",
        "ip": "192.168.8.114",
        "matric": "2023006206",
        "name": "Folorunsho Omokorede",
        "prevHash": "c9d7b0a9d84828b7c76c8786e1383b26807eb18f676d8df20569424e7b6deb62",
        "timestamp": "2025-07-14 12:46:00",
        "userAgent": "Mozilla/5.0 (iPhone; CPU iPhone OS 18_5 like Mac OS X) AppleWebKit/605.1.15 (KHTML, like Gecko) Version/18.5 Mobile/15E148 Safari/604.1",
        "hash": "ce77c8d3792f4e2ea42b896e3b23c91bd6dcf1862ef8f5ab5317ef8a3ea0e2e7"
    },
    {
        "action": "checkin",
        "course": "Group 14",
        "fingerprint": "a3fc293a7e64528e9e1b8d5dc9211dea",
        "ip": "192.168.8.118",
        "matric": "2022007413",
        "name": "Jerome Emmanuel oche",
        "prevHash": "ce77c8d3792f4e2ea42b896e3b23c91bd6dcf1862ef8f5ab5317ef8a3ea0e2e7",
        "timestamp": "2025-07-14 12:46:09",
        "userAgent": "Mozilla/5.0 (iPhone; CPU iPhone OS 17_5_1 like Mac OS X) AppleWebKit/605.1.15 (KHTML, like Gecko) Version/17.5 Mobile/15E148 Safari/604.1",
        "hash": "dbe5d6dea553499868e6cb260afc3b48b046cec2f933382a705b4cb37502fe05"
    },
    {
        "action": "checkin",
        "course": "Group 14",
        "fingerprint": "8434f727b98a71e7ce6d7d97001c43d7",
        "ip": "192.168.8.113",
        "matric": "2023010834",
        "name": "Okunoye Zaynab Oluwapelumi",
        "prevHash": "dbe5d6dea553499868e6cb260afc3b48b046cec2f933382a705b4cb37502fe05",
        "timestamp": "2025-07-14 12:46:22",
        "userAgent": "Mozilla/5.0 (Linux; Android 10; K) AppleWebKit/537.36 (KHTML, like Gecko) Chrome/137.0.0.0 Mobile Safari/537.36",
        "hash": "d5700ff8f62e97c412c797a0d41f83b4067a7dd269e19fe204ab046e28824621"
    },
    {
        "action": "checkin",
        "course": "Group 14",
        "fingerprint": "793cd694a88573acd1e4c87f8c28f0ee",
        "ip": "192.168.8.115",
        "matric": "2023007941",
        "name": "Akinwande Olalekan Sunday",
        "prevHash": "d5700ff8f62e97c412c797a0d41f83b4067a7dd269e19fe204ab046e28824621",
        "timestamp": "2025-07-14 12:46:40",
        "userAgent": "Mozilla/5.0 (iPhone; CPU iPhone OS 18_4_1 like Mac OS X) AppleWebKit/605.1.15 (KHTML, like Gecko) CriOS/136.0.7103.56 Mobile/15E148 Safari/604.1",
        "hash": "346a65166fe65dde5b285dc35391784a89eeeeae116393a5cb25dd4d98bf0953"
    },
    {
        "action": "checkin",
        "course": "Group 14",
        "fingerprint": "7686c46a0cec18c6f8fac5d3fafff0dd",
        "ip": "192.168.8.117",
        "matric": "2023009756",
        "name": "Awe ooreoluwa paul",
        "prevHash": "346a65166fe65dde5b285dc35391784a89eeeeae116393a5cb25dd4d98bf0953",
        "timestamp": "2025-07-14 12:49:00",
        "userAgent": "Mozilla/5.0 (Linux; Android 10; K) AppleWebKit/537.36 (KHTML, like Gecko) Chrome/136.0.0.0 Mobile Safari/537.36",
        "hash": "75c906964c46dfce7c324f2efdba929ee68892b364e93d49dc4369adb573293c"
    },
    {
        "action": "checkout",
        "course": "Group 14",
        "fingerprint": "a553fb317d612c06e2eb0ef8d2053b9d",
        "ip": "192.168.8.107",
        "matric": "2023003078",
        "name": "Morenikeji Olamide Steven",
        "prevHash": "75c906964c46dfce7c324f2efdba929ee68892b364e93d49dc4369adb573293c",
        "timestamp": "2025-07-14 12:49:39",
        "userAgent": "Mozilla/5.0 (Linux; Android 6.0.1; vivo Y66) AppleWebKit/537.36 (KHTML, like Gecko) Chrome/106.0.0.0 Mobile Safari/537.36",
        "hash": "a6f7b30c86b2ff4112dbea6c2388d0aea54f6e9ab6e0b0cb406c7018fa1b909c"
    },
    {
        "action": "checkout",
        "course": "Group 14",
        "fingerprint": "7686c46a0cec18c6f8fac5d3fafff0dd",
        "ip": "192.168.8.117",
        "matric": "2023009756",
        "name": "Awe ooreoluwa paul",
        "prevHash": "a6f7b30c86b2ff4112dbea6c2388d0aea54f6e9ab6e0b0cb406c7018fa1b909c",
        "timestamp": "2025-07-14 12:49:44",
        "userAgent": "Mozilla/5.0 (Linux; Android 10; K) AppleWebKit/537.36 (KHTML, like Gecko) Chrome/136.0.0.0 Mobile Safari/537.36",
        "hash": "88eaa6bba9cdde5cbe691f9144c675fd0faee9f352cb7c3010320090819a868a"
    },
    {
        "action": "checkout",
        "course": "Group 14",
        "fingerprint": "793cd694a88573acd1e4c87f8c28f0ee",
        "ip": "192.168.8.115",
        "matric": "2023007941",
        "name": "Akinwande Olalekan Sunday",
        "prevHash": "88eaa6bba9cdde5cbe691f9144c675fd0faee9f352cb7c3010320090819a868a",
        "timestamp": "2025-07-14 12:50:00",
        "userAgent": "Mozilla/5.0 (iPhone; CPU iPhone OS 18_4_1 like Mac OS X) AppleWebKit/605.1.15 (KHTML, like Gecko) CriOS/136.0.7103.56 Mobile/15E148 Safari/604.1",
        "hash": "0a6103a98ea47bb100c9660c5bcf04e46302ce16b0f24c87c59319d123485e69"
    },
    {
        "action": "checkout",
        "course": "Group 14",
        "fingerprint": "9c89ef8dc6fba14966c530396b2076cb",
        "ip": "192.168.8.116",
        "matric": "2023009461",
        "name": "Adewodun Samuel Oluwateniola",
        "prevHash": "0a6103a98ea47bb100c9660c5bcf04e46302ce16b0f24c87c59319d123485e69",
        "timestamp": "2025-07-14 12:52:37",
        "userAgent": "Mozilla/5.0 (iPhone; CPU iPhone OS 15_8_4 like Mac OS X) AppleWebKit/605.1.15 (KHTML, like Gecko) Version/15.6.7 Mobile/15E148 Safari/604.1",
        "hash": "adf95850193eab79afec63878b3b2925f070b49d4327f98520a4aa7eabb67fb8"
    },
    {
        "action": "checkout",
        "course": "Group 14",
        "fingerprint": "ec58e103964bf2a8510edb3e595e7abc",
        "ip": "192.168.8.114",
        "matric": "2023006206",
        "name": "Folorunsho Omokorede",
        "prevHash": "adf95850193eab79afec63878b3b2925f070b49d4327f98520a4aa7eabb67fb8",
        "timestamp": "2025-07-14 12:54:26",
        "userAgent": "Mozilla/5.0 (iPhone; CPU iPhone OS 18_5 like Mac OS X) AppleWebKit/605.1.15 (KHTML, like Gecko) Version/18.5 Mobile/15E148 Safari/604.1",
        "hash": "b457b55623e7155ac59c380311874513b7603dca03bf1e240fd6e178b7ae618b"
    },
    {
        "action": "checkout",
        "course": "Group 14",
        "fingerprint": "b1fbae73524adf2fe2593730953bf5d0",
        "ip": "192.168.8.118",
        "matric": "2022007413",
        "name": "Jerome Emmanuel oche",
        "prevHash": "b457b55623e7155ac59c380311874513b7603dca03bf1e240fd6e178b7ae618b",
        "timestamp": "2025-07-14 12:55:16",
        "userAgent": "Mozilla/5.0 (iPhone; CPU iPhone OS 17_5_1 like Mac OS X) AppleWebKit/605.1.15 (KHTML, like Gecko) Version/17.5 Mobile/15E148 Safari/604.1",
        "hash": "cf2e70be97a6a2ca1505c2a1f48a3ca17284f4e28fddbc77179390910b01d765"
    },
    {
        "action": "checkin",
        "course": "Group 14",
        "fingerprint": "manual_entry",
        "ip": "::1",
        "matric": "2023003453",
        "name": "BELLO HABEEB",
        "prevHash": "cf2e70be97a6a2ca1505c2a1f48a3ca17284f4e28fddbc77179390910b01d765",
        "reason": "Phone's dead",
        "timestamp": "2025-07-14 12:57:47",
        "userAgent": "manual",
        "hash": "81aac08f24a01e48c0ca9cec9a36d0d2152cc857733b75ce0dd4b6e85c1996ce"
    },
    {
        "action": "checkin",
        "course": "Group 14",
        "fingerprint": "manual_entry",
        "ip": "::1",
        "matric": "2023002855",
        "name": "FAMORIYO ENIOLA AUSTIN",
        "prevHash": "81aac08f24a01e48c0ca9cec9a36d0d2152cc857733b75ce0dd4b6e85c1996ce",
        "reason": "Phone's dead",
        "timestamp": "2025-07-14 12:59:24",
        "userAgent": "manual",
        "hash": "9347cea3e1e62b8c1c09becdda5c53d779a6dd982a77fbd82d7974af9bdd8c09"
    },
    {
        "action": "checkin",
        "course": "Group 14",
        "fingerprint": "manual_entry",
        "ip": "::1",
        "matric": "2023011458",
        "name": "RAFIU MALIK OPEYEMI",
        "prevHash": "9347cea3e1e62b8c1c09becdda5c53d779a6dd982a77fbd82d7974af9bdd8c09",
        "reason": "Phone's dead",
        "timestamp": "2025-07-14 13:00:32",
        "userAgent": "manual",
        "hash": "b4a324226d3c176308c0fe6ef824f236d701c8b5c3da9941562830f9d617cfcf"
    },
    {
        "action": "checkin",
        "course": "Group 14",
        "fingerprint": "58cf679e4324a2e7b70734bd3f724a1a",
        "ip": "192.168.8.121",
        "matric": "2023010210",
        "name": "Seun Michael Adewale",
        "prevHash": "b4a324226d3c176308c0fe6ef824f236d701c8b5c3da9941562830f9d617cfcf",
        "timestamp": "2025-07-14 13:15:11",
        "userAgent": "Mozilla/5.0 (Linux; Android 10; K) AppleWebKit/537.36 (KHTML, like Gecko) Chrome/136.0.0.0 Mobile Safari/537.36",
        "hash": "5a76144e0f027e1c80dce80ad9e3f1e6b019c25a95f3e9fb66d70749539667c5"
    },
    {
        "action": "checkin",
        "course": "Group 15",
        "fingerprint": "1f9e4e9222695a6dba08681a96248a6d",
        "ip": "192.168.8.122",
        "matric": "2023002710",
        "name": "Osuolale Oluwabukola Emmanuel",
        "prevHash": "5a76144e0f027e1c80dce80ad9e3f1e6b019c25a95f3e9fb66d70749539667c5",
        "timestamp": "2025-07-14 13:17:33",
        "userAgent": "Mozilla/5.0 (Linux; Android 10; K) AppleWebKit/537.36 (KHTML, like Gecko) Chrome/138.0.0.0 Mobile Safari/537.36",
        "hash": "5915bc490fedea0f1b1dbd920ca7f9fd100b8e4ccea79d75b06e038ff352d37b"
    },
    {
        "action": "checkin",
        "course": "Group 15",
        "fingerprint": "763586a24f53b17e028bc51d3eb94dcc",
        "ip": "192.168.8.125",
        "matric": "2023002608",
        "name": "Abisoye sheriff aduralere",
        "prevHash": "5915bc490fedea0f1b1dbd920ca7f9fd100b8e4ccea79d75b06e038ff352d37b",
        "timestamp": "2025-07-14 13:19:47",
        "userAgent": "Mozilla/5.0 (iPhone; CPU iPhone OS 16_7_11 like Mac OS X) AppleWebKit/605.1.15 (KHTML, like Gecko) Version/16.6.1 Mobile/15E148 Safari/604.1",
        "hash": "ff9a07f87af16056cf4c5ccc62e8ee21a89f6a311ee854a46760b452e354696f"
    },
    {
        "action": "checkin",
        "course": "Group 15",
        "fingerprint": "c4b24b6f4df109496149cc73d2cf4081",
        "ip": "192.168.8.124",
        "matric": "2023006429",
        "name": "Rufus Rejoice Oyenbuchi",
        "prevHash": "ff9a07f87af16056cf4c5ccc62e8ee21a89f6a311ee854a46760b452e354696f",
        "timestamp": "2025-07-14 13:19:52",
        "userAgent": "Mozilla/5.0 (Linux; Android 10; K) AppleWebKit/537.36 (KHTML, like Gecko) Chrome/129.0.0.0 Mobile Safari/537.36",
        "hash": "2b2f0f0a4375a4b78d008acc0f438f55bf05e9335a9c7a384583048ef380c31a"
    },
    {
        "action": "checkin",
        "course": "Group 15",
        "fingerprint": "b74ac483940646cbefdcc1e7300c8aa8",
        "ip": "192.168.8.129",
        "matric": "2023003199",
        "name": "Kolawole Precious Eniola",
        "prevHash": "2b2f0f0a4375a4b78d008acc0f438f55bf05e9335a9c7a384583048ef380c31a",
        "timestamp": "2025-07-14 13:20:00",
        "userAgent": "Mozilla/5.0 (iPhone; CPU iPhone OS 17_6_1 like Mac OS X) AppleWebKit/605.1.15 (KHTML, like Gecko) CriOS/138.0.7204.119 Mobile/15E148 Safari/604.1",
        "hash": "c0cf7fda77cea4e8c49faf1478f1e6c294f8e35aa786b71151e35919dff8cc62"
    },
    {
        "action": "checkin",
        "course": "Group 15",
        "fingerprint": "684d420967edec245abd4ef2a5bc8416",
        "ip": "192.168.8.127",
        "matric": "2023006415",
        "name": "OYEDELE SUNDAY ISRAEL",
        "prevHash": "c0cf7fda77cea4e8c49faf1478f1e6c294f8e35aa786b71151e35919dff8cc62",
        "timestamp": "2025-07-14 13:20:03",
        "userAgent": "Mozilla/5.0 (iPhone; CPU iPhone OS 15_8_3 like Mac OS X) AppleWebKit/605.1.15 (KHTML, like Gecko) Version/15.6.6 Mobile/15E148 Safari/604.1",
        "hash": "f697ac5da7d130aa4dc95d8d01fbc6ed1379003bc144c33cb351ab9e8c8c4d2b"
    },
    {
        "action": "checkin",
        "course": "Group 15",
        "fingerprint": "d742bbd002f7d27054255ffdaa9ff699",
        "ip": "192.168.8.131",
        "matric": "2023006427",
        "name": "OLUSEGUN FIYINFOLUWA AJIBOLA",
        "prevHash": "f697ac5da7d130aa4dc95d8d01fbc6ed1379003bc144c33cb351ab9e8c8c4d2b",
        "timestamp": "2025-07-14 13:20:21",
        "userAgent": "Mozilla/5.0 (X11; Linux x86_64) AppleWebKit/537.36 (KHTML, like Gecko) Chrome/137.0.0.0 Safari/537.36",
        "hash": "c286b389434f160f381ea73ca2beb253f34776279ac981c7b8b975f75d48ebf3"
    },
    {
        "action": "checkin",
        "course": "Group 15",
        "fingerprint": "1af1f3e8c7d3b94fece146222e475d44",
        "ip": "192.168.8.126",
        "matric": "2023011299",
        "name": "Adegun Temiloluwa Samuel",
        "prevHash": "c286b389434f160f381ea73ca2beb253f34776279ac981c7b8b975f75d48ebf3",
        "timestamp": "2025-07-14 13:20:54",
        "userAgent": "Mozilla/5.0 (Linux; Android 10; K) AppleWebKit/537.36 (KHTML, like Gecko) Chrome/138.0.0.0 Mobile Safari/537.36",
        "hash": "fd8424d132c07440325de431fea3109a3a92bdb4ad11985b4abfc9ae2c9ff29f"
    },
    {
        "action": "checkin",
        "course": "Group 15",
        "fingerprint": "8f649540881e9518313e3fd57e127bd8",
        "ip": "192.168.8.130",
        "matric": "2023005692",
        "name": "Ibroheem Abdul-gafar Adewale",
        "prevHash": "fd8424d132c07440325de431fea3109a3a92bdb4ad11985b4abfc9ae2c9ff29f",
        "timestamp": "2025-07-14 13:21:02",
        "userAgent": "Mozilla/5.0 (iPhone; CPU iPhone OS 18_3_1 like Mac OS X) AppleWebKit/605.1.15 (KHTML, like Gecko) Version/18.3 Mobile/15E148 Safari/604.1",
        "hash": "1e3009e007431751c1a4937541505c90e53638022fc37574c6ef9a3461cd883d"
    },
    {
        "action": "checkin",
        "course": "Group 15",
        "fingerprint": "b0f35443d1e73a3c203f79207fdedebc",
        "ip": "192.168.8.123",
        "matric": "2023002460",
        "name": "Olaleye Victor Emmanuel",
        "prevHash": "1e3009e007431751c1a4937541505c90e53638022fc37574c6ef9a3461cd883d",
        "timestamp": "2025-07-14 13:21:05",
        "userAgent": "Mozilla/5.0 (iPhone; CPU iPhone OS 15_8_4 like Mac OS X) AppleWebKit/605.1.15 (KHTML, like Gecko) Version/15.6.7 Mobile/15E148 Safari/604.1",
        "hash": "32df90bf8478b3fa05aec8ebdfceca5bedebffaa9fe8fb0d444630a8dc79696e"
    },
    {
        "action": "checkin",
        "course": "Group 15",
        "fingerprint": "7b43737131135fc59c83f05a8bbb8c6e",
        "ip": "192.168.8.128",
        "matric": "2023011169",
        "name": "Olawale Muaz Olaitan",
        "prevHash": "32df90bf8478b3fa05aec8ebdfceca5bedebffaa9fe8fb0d444630a8dc79696e",
        "timestamp": "2025-07-14 13:21:42",
        "userAgent": "Mozilla/5.0 (Linux; Android 10; K) AppleWebKit/537.36 (KHTML, like Gecko) Chrome/131.0.0.0 Mobile Safari/537.36",
        "hash": "e9863759210c38fe701f497a1d7655d83be9ac122e31cda3ae4891be3e8cc97c"
    },
    {
        "action": "checkout",
        "course": "Group 15",
        "fingerprint": "58cf679e4324a2e7b70734bd3f724a1a",
        "ip": "192.168.8.121",
        "matric": "2023010210",
        "name": "Seun Michael Adewale",
        "prevHash": "e9863759210c38fe701f497a1d7655d83be9ac122e31cda3ae4891be3e8cc97c",
        "timestamp": "2025-07-14 13:22:44",
        "userAgent": "Mozilla/5.0 (Linux; Android 10; K) AppleWebKit/537.36 (KHTML, like Gecko) Chrome/136.0.0.0 Mobile Safari/537.36",
        "hash": "91481e36421b30ae7efef32cf7ea6e9279b60fddc4718586dc02b71634c1416e"
    },
    {
        "action": "checkout",
        "course": "Group 15",
        "fingerprint": "d742bbd002f7d27054255ffdaa9ff699",
        "ip": "192.168.8.131",
        "matric": "2023006427",
        "name": "OLUSEGUN FIYINFOLUWA AJIBOLA",
        "prevHash": "91481e36421b30ae7efef32cf7ea6e9279b60fddc4718586dc02b71634c1416e",
        "timestamp": "2025-07-14 13:23:01",
        "userAgent": "Mozilla/5.0 (X11; Linux x86_64) AppleWebKit/537.36 (KHTML, like Gecko) Chrome/137.0.0.0 Safari/537.36",
        "hash": "661eb807f308bead18a6b30bba79f59e1d3ea79182b381abd8cfc3e7dc5b242f"
    },
    {
        "action": "checkout",
        "course": "Group 15",
        "fingerprint": "7b43737131135fc59c83f05a8bbb8c6e",
        "ip": "192.168.8.128",
        "matric": "2023011169",
        "name": "Olawale Muaz Olaitan",
        "prevHash": "661eb807f308bead18a6b30bba79f59e1d3ea79182b381abd8cfc3e7dc5b242f",
        "timestamp": "2025-07-14 13:23:01",
        "userAgent": "Mozilla/5.0 (Linux; Android 10; K) AppleWebKit/537.36 (KHTML, like Gecko) Chrome/131.0.0.0 Mobile Safari/537.36",
        "hash": "f261b0cb5121b81f2f59b658dade09990ab0ad58a687d7c1f048f6e4799743a6"
    },
    {
        "action": "checkout",
        "course": "Group 15",
        "fingerprint": "684d420967edec245abd4ef2a5bc8416",
        "ip": "192.168.8.127",
        "matric": "2023006415",
        "name": "OYEDELE SUNDAY ISRAEL",
        "prevHash": "f261b0cb5121b81f2f59b658dade09990ab0ad58a687d7c1f048f6e4799743a6",
        "timestamp": "2025-07-14 13:23:09",
        "userAgent": "Mozilla/5.0 (iPhone; CPU iPhone OS 15_8_3 like Mac OS X) AppleWebKit/605.1.15 (KHTML, like Gecko) Version/15.6.6 Mobile/15E148 Safari/604.1",
        "hash": "134835ea0677b77324f46a58d7b09a711489c6c21bb63da4ea547484fb956394"
    },
    {
        "action": "checkout",
        "course": "Group 15",
        "fingerprint": "b74ac483940646cbefdcc1e7300c8aa8",
        "ip": "192.168.8.129",
        "matric": "2023003199",
        "name": "Kolawole Precious Eniola",
        "prevHash": "134835ea0677b77324f46a58d7b09a711489c6c21bb63da4ea547484fb956394",
        "timestamp": "2025-07-14 13:23:15",
        "userAgent": "Mozilla/5.0 (iPhone; CPU iPhone OS 17_6_1 like Mac OS X) AppleWebKit/605.1.15 (KHTML, like Gecko) CriOS/138.0.7204.119 Mobile/15E148 Safari/604.1",
        "hash": "492c0d8acea86cf81e50eb74947c348a46e231b37f2aa3695a785ff0abc8b8ab"
    },
    {
        "action": "checkout",
        "course": "Group 15",
        "fingerprint": "1af1f3e8c7d3b94fece146222e475d44",
        "ip": "192.168.8.126",
        "matric": "2023011299",
        "name": "Adegun Temiloluwa Samuel",
        "prevHash": "492c0d8acea86cf81e50eb74947c348a46e231b37f2aa3695a785ff0abc8b8ab",
        "timestamp": "2025-07-14 13:23:20",
        "userAgent": "Mozilla/5.0 (Linux; Android 10; K) AppleWebKit/537.36 (KHTML, like Gecko) Chrome/138.0.0.0 Mobile Safari/537.36",
        "hash": "51fd2bc9876dde554e162936127fd3a197ea6a9d3f6ddd61bccf33d026cff34d"
    },
    {
        "action": "checkout",
        "course": "Group 15",
        "fingerprint": "1f9e4e9222695a6dba08681a96248a6d",
        "ip": "192.168.8.122",
        "matric": "2023002710",
        "name": "Osuolale Oluwabukola Emmanuel",
        "prevHash": "51fd2bc9876dde554e162936127fd3a197ea6a9d3f6ddd61bccf33d026cff34d",
        "timestamp": "2025-07-14 13:23:36",
        "userAgent": "Mozilla/5.0 (Linux; Android 10; K) AppleWebKit/537.36 (KHTML, like Gecko) Chrome/138.0.0.0 Mobile Safari/537.36",
        "hash": "2ec53922b55c7b9117b5ec91b0b36c1c88188a41234a2e1ec91909487b5bbefc"
    },
    {
        "action": "checkout",
        "course": "Group 15",
        "fingerprint": "8f649540881e9518313e3fd57e127bd8",
        "ip": "192.168.8.130",
        "matric": "2023005692",
        "name": "Ibroheem Abdul-gafar Adewale",
        "prevHash": "2ec53922b55c7b9117b5ec91b0b36c1c88188a41234a2e1ec91909487b5bbefc",
        "timestamp": "2025-07-14 13:24:54",
        "userAgent": "Mozilla/5.0 (iPhone; CPU iPhone OS 18_3_1 like Mac OS X) AppleWebKit/605.1.15 (KHTML, like Gecko) Version/18.3 Mobile/15E148 Safari/604.1",
        "hash": "078895cedaeecee95239fa25bf206dc824a9c48c7ac96f67b1c4e2491e451ad7"
    },
    {
        "action": "checkout",
        "course": "Group 15",
        "fingerprint": "c4b24b6f4df109496149cc73d2cf4081",
        "ip": "192.168.8.124",
        "matric": "2023006429",
        "name": "Rufus Rejoice Oyenbuchi",
        "prevHash": "078895cedaeecee95239fa25bf206dc824a9c48c7ac96f67b1c4e2491e451ad7",
        "timestamp": "2025-07-14 13:27:06",
        "userAgent": "Mozilla/5.0 (Linux; Android 10; K) AppleWebKit/537.36 (KHTML, like Gecko) Chrome/129.0.0.0 Mobile Safari/537.36",
        "hash": "56b1e6a8844dfac04e3ec58b50a256612bdbbc9a061163d97948baf8c1a4f6c5"
    },
    {
        "action": "checkin",
        "course": "Group 15",
        "fingerprint": "4d74c8471e547f03f998d26b89ed4a4e",
        "ip": "192.168.8.132",
        "matric": "2023010192",
        "name": "Samson Mofiyinfoluwa Faith",
        "prevHash": "56b1e6a8844dfac04e3ec58b50a256612bdbbc9a061163d97948baf8c1a4f6c5",
        "timestamp": "2025-07-14 13:27:49",
        "userAgent": "Mozilla/5.0 (iPhone; CPU iPhone OS 16_7_11 like Mac OS X) AppleWebKit/605.1.15 (KHTML, like Gecko) Version/16.6.1 Mobile/15E148 Safari/604.1",
        "hash": "7ba74299e2dd44571c166cff2e85016dc2d56cf7199672bc92c11dc26e3a3d0f"
    },
    {
        "action": "checkin",
        "course": "Group 17",
        "fingerprint": "22a6982d84869ea6ba526a8a45ef0f95",
        "ip": "192.168.8.133",
        "matric": "2023008094",
        "name": "Adegbite Adewale Oluwaseun",
        "prevHash": "7ba74299e2dd44571c166cff2e85016dc2d56cf7199672bc92c11dc26e3a3d0f",
        "timestamp": "2025-07-14 14:12:40",
        "userAgent": "Mozilla/5.0 (iPhone; CPU iPhone OS 18_1 like Mac OS X) AppleWebKit/605.1.15 (KHTML, like Gecko) Version/18.1 Mobile/15E148 Safari/604.1",
        "hash": "0cfa8b06c9b0b09860719ab63e0a7a443e67ebfec7398f45e097e03c004faf11"
    },
    {
        "action": "checkin",
        "course": "Group 17",
        "fingerprint": "a6058e28f0e13f5a3688015ddb1e5da6",
        "ip": "192.168.8.138",
        "matric": "2022010822",
        "name": "Dahood Abdulwahab Adeniran",
        "prevHash": "0cfa8b06c9b0b09860719ab63e0a7a443e67ebfec7398f45e097e03c004faf11",
        "timestamp": "2025-07-14 14:14:27",
        "userAgent": "Mozilla/5.0 (iPhone; CPU iPhone OS 18_5_0 like Mac OS X) AppleWebKit/605.1.15 (KHTML, like Gecko) CriOS/138.0.7204.119 Mobile/15E148 Safari/604.1",
        "hash": "398192b860d1a823edcf8ba3d27d5edde977f24552d3a507c74817e5d78f8234"
    },
    {
        "action": "checkin",
        "course": "Group 17",
        "fingerprint": "d694febbd0e711726f730915f7d9b585",
        "ip": "192.168.8.142",
        "matric": "2023010465",
        "name": "Adediji Victor Oluwabukunmi",
        "prevHash": "398192b860d1a823edcf8ba3d27d5edde977f24552d3a507c74817e5d78f8234",
        "timestamp": "2025-07-14 14:14:56",
        "userAgent": "Mozilla/5.0 (iPhone; CPU iPhone OS 18_4_1 like Mac OS X) AppleWebKit/605.1.15 (KHTML, like Gecko) Version/18.4 Mobile/15E148 Safari/604.1",
        "hash": "b76e9a20f34578e29694af1b837932bcfca468a9254f775ae4fca856f169b7c0"
    },
    {
        "action": "checkin",
        "course": "Group 17",
        "fingerprint": "6d3b944d62782d93823b0af28f65fd5d",
        "ip": "192.168.8.144",
        "matric": "2023005739",
        "name": "Liasu Emmanuel Eniola",
        "prevHash": "b76e9a20f34578e29694af1b837932bcfca468a9254f775ae4fca856f169b7c0",
        "timestamp": "2025-07-14 14:14:57",
        "userAgent": "Mozilla/5.0 (Linux; Android 10; K) AppleWebKit/537.36 (KHTML, like Gecko) Chrome/137.0.0.0 Mobile Safari/537.36",
        "hash": "680cf251a34f5f9ed3651570c597ddf52ae432ab2ad91c64b609f66a33708c4b"
    },
    {
        "action": "checkin",
        "course": "Group 17",
        "fingerprint": "4f91f6c577e342f8126ed1dfc613c1df",
        "ip": "192.168.8.134",
        "matric": "2023011681",
        "name": "Adebisi Olaide Ezekiel",
        "prevHash": "680cf251a34f5f9ed3651570c597ddf52ae432ab2ad91c64b609f66a33708c4b",
        "timestamp": "2025-07-14 14:14:59",
        "userAgent": "Mozilla/5.0 (iPhone; CPU iPhone OS 18_5 like Mac OS X) AppleWebKit/605.1.15 (KHTML, like Gecko) Version/18.5 Mobile/15E148 Safari/604.1",
        "hash": "7ce032a9884a02ed1561148ac28519c2b2c6371b3e0873b8498f2a768e60453b"
    },
    {
        "action": "checkin",
        "course": "Group 17",
        "fingerprint": "11645e209ffa5ba29d901b42d7235b9b",
        "ip": "192.168.8.135",
        "matric": "2023009024",
        "name": "OMODARA OMOBOLAJI ISRAEL",
        "prevHash": "7ce032a9884a02ed1561148ac28519c2b2c6371b3e0873b8498f2a768e60453b",
        "timestamp": "2025-07-14 14:15:29",
        "userAgent": "Mozilla/5.0 (Linux; Android 10; K) AppleWebKit/537.36 (KHTML, like Gecko) Chrome/133.0.0.0 Mobile Safari/537.36",
        "hash": "fb6fdc8c94af9d30dbcc73b9fce990f9675f054c2e43af7e03112a911d39dc86"
    },
    {
        "action": "checkin",
        "course": "Group 17",
        "fingerprint": "ca3a3a4c0830528a0217b4697ff89aea",
        "ip": "192.168.8.139",
        "matric": "2023008108",
        "name": "Chibor Samuel Chinemerem",
        "prevHash": "fb6fdc8c94af9d30dbcc73b9fce990f9675f054c2e43af7e03112a911d39dc86",
        "timestamp": "2025-07-14 14:15:30",
        "userAgent": "Mozilla/5.0 (iPhone; CPU iPhone OS 18_5 like Mac OS X) AppleWebKit/605.1.15 (KHTML, like Gecko) Version/18.5 Mobile/15E148 Safari/604.1",
        "hash": "bb0f138223ff7056fbfc59404fcce1092f0171d77a193e7441dfbe4ca666d5ec"
    },
    {
        "action": "checkin",
        "course": "Group 17",
        "fingerprint": "7686c46a0cec18c6f8fac5d3fafff0dd",
        "ip": "192.168.8.141",
        "matric": "2023008239",
        "name": "Adedeji Michael",
        "prevHash": "bb0f138223ff7056fbfc59404fcce1092f0171d77a193e7441dfbe4ca666d5ec",
        "timestamp": "2025-07-14 14:15:35",
        "userAgent": "Mozilla/5.0 (Linux; Android 10; K) AppleWebKit/537.36 (KHTML, like Gecko) Chrome/136.0.0.0 Mobile Safari/537.36",
        "hash": "7de0d9adfe3b8bd4da1fbe7ecb5c0f7cfe0c986c306fc8e1131948e03d486366"
    },
    {
        "action": "checkin",
        "course": "Group 17",
        "fingerprint": "fed9b27cbbef731bdf6546a5aa9140e1",
        "ip": "192.168.8.146",
        "matric": "2023008642",
        "name": "Olaegbe olaoluwa martins",
        "prevHash": "7de0d9adfe3b8bd4da1fbe7ecb5c0f7cfe0c986c306fc8e1131948e03d486366",
        "timestamp": "2025-07-14 14:15:36",
        "userAgent": "Mozilla/5.0 (iPhone; CPU iPhone OS 18_5 like Mac OS X) AppleWebKit/605.1.15 (KHTML, like Gecko) Version/18.5 Mobile/15E148 Safari/604.1",
        "hash": "8894955dcfa377596a9417f1aeaaf268307632e6b9433268d36c51839b748599"
    },
    {
        "action": "checkin",
        "course": "Group 17",
        "fingerprint": "730eaf75ff2e80677313eacb9789f7ea",
        "ip": "192.168.8.145",
        "matric": "2023006275",
        "name": "Olowe oluwaloni Deborah",
        "prevHash": "8894955dcfa377596a9417f1aeaaf268307632e6b9433268d36c51839b748599",
        "timestamp": "2025-07-14 14:16:20",
        "userAgent": "Mozilla/5.0 (Linux; Android 10; K) AppleWebKit/537.36 (KHTML, like Gecko) Chrome/138.0.0.0 Mobile Safari/537.36",
        "hash": "e9e0da62fed52a11d0b8b322942a12b728ce69bd27452831db222b7ea485c847"
    },
    {
        "action": "checkin",
        "course": "Group 17",
        "fingerprint": "0d5bbff7f5dbddc70ada313b2250c9dc",
        "ip": "192.168.8.143",
        "matric": "2023008373",
        "name": "James Ebuka Tobiloba",
        "prevHash": "e9e0da62fed52a11d0b8b322942a12b728ce69bd27452831db222b7ea485c847",
        "timestamp": "2025-07-14 14:16:20",
        "userAgent": "Mozilla/5.0 (Linux; Android 10; K) AppleWebKit/537.36 (KHTML, like Gecko) Chrome/137.0.0.0 Mobile Safari/537.36",
        "hash": "5165b1756e52631097b755a51e3e3c7704f68a1234e1331e9cb07244dd6dc573"
    },
    {
        "action": "checkin",
        "course": "Group 17",
        "fingerprint": "89cedcf521afbf1b45719b8a4f903cd9",
        "ip": "192.168.8.137",
        "matric": "2023002372",
        "name": "Olayanju Stephen Olayinka",
        "prevHash": "5165b1756e52631097b755a51e3e3c7704f68a1234e1331e9cb07244dd6dc573",
        "timestamp": "2025-07-14 14:16:35",
        "userAgent": "Mozilla/5.0 (Linux; Android 10; K) AppleWebKit/537.36 (KHTML, like Gecko) Chrome/135.0.0.0 Mobile Safari/537.36",
        "hash": "3c44164ca83882c880087257bc736037ab731523d535e2df0effcd199ca4e060"
    },
    {
        "action": "checkin",
        "course": "Group 17",
        "fingerprint": "2565dd0f9c7980a0fc82e0c186988749",
        "ip": "192.168.8.148",
        "matric": "2024013072",
        "name": "ADELEKE VICTOR ADEOLUWA",
        "prevHash": "3c44164ca83882c880087257bc736037ab731523d535e2df0effcd199ca4e060",
        "timestamp": "2025-07-14 14:17:43",
        "userAgent": "Mozilla/5.0 (iPhone; CPU iPhone OS 18_3_1 like Mac OS X) AppleWebKit/605.1.15 (KHTML, like Gecko) Version/18.3 Mobile/15E148 Safari/604.1",
        "hash": "e510b189e8658180d030e63665ef618c7275b3951efa360ed5ca915c10198f41"
    },
    {
        "action": "checkin",
        "course": "Group 17",
        "fingerprint": "04973837106fda712094e64637a15c15",
        "ip": "192.168.8.140",
        "matric": "2024011392",
        "name": "Adeyeye Taiwo Adeshola",
        "prevHash": "e510b189e8658180d030e63665ef618c7275b3951efa360ed5ca915c10198f41",
        "timestamp": "2025-07-14 14:18:16",
        "userAgent": "Mozilla/5.0 (Linux; Android 10; K) AppleWebKit/537.36 (KHTML, like Gecko) Chrome/138.0.0.0 Mobile Safari/537.36",
        "hash": "b5bb6a2aa9d75d408491a8c5b54f092b8dfc734f8f82ebf612c39de1a59fd79c"
    },
    {
        "action": "checkin",
        "course": "Group 17",
        "fingerprint": "7296d79e19be1b29a082902a100577e4",
        "ip": "192.168.8.136",
        "matric": "2023011241",
        "name": "Kannou Akowanu Robert",
        "prevHash": "b5bb6a2aa9d75d408491a8c5b54f092b8dfc734f8f82ebf612c39de1a59fd79c",
        "timestamp": "2025-07-14 14:19:03",
        "userAgent": "Mozilla/5.0 (iPhone; CPU iPhone OS 15_8_3 like Mac OS X) AppleWebKit/605.1.15 (KHTML, like Gecko) Version/15.6.6 Mobile/15E148 Safari/604.1",
        "hash": "2abf86483bc5c02ad141744bb995c384c3c45fc4a3eb20c202ccc9015e9c7aab"
    },
    {
        "action": "checkin",
        "course": "Group 17",
        "fingerprint": "fb4772705d5de7eb026000644fdadd37",
        "ip": "192.168.8.149",
        "matric": "2023008844",
        "name": "Adedeji Taiwo Oluwabukunmi",
        "prevHash": "2abf86483bc5c02ad141744bb995c384c3c45fc4a3eb20c202ccc9015e9c7aab",
        "timestamp": "2025-07-14 14:19:47",
        "userAgent": "Mozilla/5.0 (Windows NT 10.0; Win64; x64) AppleWebKit/537.36 (KHTML, like Gecko) Chrome/138.0.0.0 Safari/537.36",
        "hash": "af25978dc44819624deec020182608f59a016a19c77fec669e6ccda0ffd549a6"
    },
    {
        "action": "checkout",
        "course": "Group 17",
        "fingerprint": "0d5bbff7f5dbddc70ada313b2250c9dc",
        "ip": "192.168.8.143",
        "matric": "2023008373",
        "name": "James Ebuka Tobiloba",
        "prevHash": "af25978dc44819624deec020182608f59a016a19c77fec669e6ccda0ffd549a6",
        "timestamp": "2025-07-14 14:20:07",
        "userAgent": "Mozilla/5.0 (Linux; Android 10; K) AppleWebKit/537.36 (KHTML, like Gecko) Chrome/137.0.0.0 Mobile Safari/537.36",
        "hash": "e2b29627f8813be9c1ad54afcbae807290a81847d18eea21dd6188e4de2b40ac"
    },
    {
        "action": "checkout",
        "course": "Group 17",
        "fingerprint": "7686c46a0cec18c6f8fac5d3fafff0dd",
        "ip": "192.168.8.141",
        "matric": "2023008239",
        "name": "Adedeji Michael",
        "prevHash": "e2b29627f8813be9c1ad54afcbae807290a81847d18eea21dd6188e4de2b40ac",
        "timestamp": "2025-07-14 14:20:08",
        "userAgent": "Mozilla/5.0 (Linux; Android 10; K) AppleWebKit/537.36 (KHTML, like Gecko) Chrome/136.0.0.0 Mobile Safari/537.36",
        "hash": "357c7b0b978d4aac99ec77f4aad9ae89d4540aa35d6480d1fd1604867e7a8ce6"
    },
    {
        "action": "checkout",
        "course": "Group 17",
        "fingerprint": "fb4772705d5de7eb026000644fdadd37",
        "ip": "192.168.8.149",
        "matric": "2023008844",
        "name": "Adedeji Taiwo Oluwabukunmi",
        "prevHash": "357c7b0b978d4aac99ec77f4aad9ae89d4540aa35d6480d1fd1604867e7a8ce6",
        "timestamp": "2025-07-14 14:20:15",
        "userAgent": "Mozilla/5.0 (Windows NT 10.0; Win64; x64) AppleWebKit/537.36 (KHTML, like Gecko) Chrome/138.0.0.0 Safari/537.36",
        "hash": "895c80213819438e2d1162b7ae6d45f4a8478597e0c475ae8ec8cc4db0ba9b57"
    },
    {
        "action": "checkout",
        "course": "Group 17",
        "fingerprint": "ca3a3a4c0830528a0217b4697ff89aea",
        "ip": "192.168.8.139",
        "matric": "2023008108",
        "name": "Chibor Samuel Chinemerem",
        "prevHash": "895c80213819438e2d1162b7ae6d45f4a8478597e0c475ae8ec8cc4db0ba9b57",
        "timestamp": "2025-07-14 14:20:22",
        "userAgent": "Mozilla/5.0 (iPhone; CPU iPhone OS 18_5 like Mac OS X) AppleWebKit/605.1.15 (KHTML, like Gecko) Version/18.5 Mobile/15E148 Safari/604.1",
        "hash": "0e1b4501d90cf13a884bfc6585e7790c94331310c57092f5dcea06493fb214ef"
    },
    {
        "action": "checkout",
        "course": "Group 17",
        "fingerprint": "a6058e28f0e13f5a3688015ddb1e5da6",
        "ip": "192.168.8.138",
        "matric": "2022010822",
        "name": "Dahood Abdulwahab Adeniran",
        "prevHash": "0e1b4501d90cf13a884bfc6585e7790c94331310c57092f5dcea06493fb214ef",
        "timestamp": "2025-07-14 14:20:23",
        "userAgent": "Mozilla/5.0 (iPhone; CPU iPhone OS 18_5_0 like Mac OS X) AppleWebKit/605.1.15 (KHTML, like Gecko) CriOS/138.0.7204.119 Mobile/15E148 Safari/604.1",
        "hash": "195914bef20944f5195996481d5398f3c5af0f1eec0310627ad09f02b35567f5"
    },
    {
        "action": "checkout",
        "course": "Group 17",
        "fingerprint": "d694febbd0e711726f730915f7d9b585",
        "ip": "192.168.8.142",
        "matric": "2023010465",
        "name": "Adediji Victor Oluwabukunmi",
        "prevHash": "195914bef20944f5195996481d5398f3c5af0f1eec0310627ad09f02b35567f5",
        "timestamp": "2025-07-14 14:20:24",
        "userAgent": "Mozilla/5.0 (iPhone; CPU iPhone OS 18_4_1 like Mac OS X) AppleWebKit/605.1.15 (KHTML, like Gecko) Version/18.4 Mobile/15E148 Safari/604.1",
        "hash": "82445ac2d93901c062fbd807921e0a06455203a0f62293fc871f187ad5e59dc1"
    },
    {
        "action": "checkout",
        "course": "Group 17",
        "fingerprint": "7296d79e19be1b29a082902a100577e4",
        "ip": "192.168.8.136",
        "matric": "2023011241",
        "name": "Kannou Akowanu Robert",
        "prevHash": "82445ac2d93901c062fbd807921e0a06455203a0f62293fc871f187ad5e59dc1",
        "timestamp": "2025-07-14 14:20:31",
        "userAgent": "Mozilla/5.0 (iPhone; CPU iPhone OS 15_8_3 like Mac OS X) AppleWebKit/605.1.15 (KHTML, like Gecko) Version/15.6.6 Mobile/15E148 Safari/604.1",
        "hash": "440225234fd9b5367518d24ca28ec0f066ea3d6dc6452d7cb653646a00a6f2e5"
    },
    {
        "action": "checkout",
        "course": "Group 17",
        "fingerprint": "fed9b27cbbef731bdf6546a5aa9140e1",
        "ip": "192.168.8.146",
        "matric": "2023008642",
        "name": "Olaegbe olaoluwa martins",
        "prevHash": "440225234fd9b5367518d24ca28ec0f066ea3d6dc6452d7cb653646a00a6f2e5",
        "timestamp": "2025-07-14 14:20:41",
        "userAgent": "Mozilla/5.0 (iPhone; CPU iPhone OS 18_5 like Mac OS X) AppleWebKit/605.1.15 (KHTML, like Gecko) Version/18.5 Mobile/15E148 Safari/604.1",
        "hash": "0cb0f055702f84d917989d8471bb9da1c671786e73165b7d1f3b93e83924c112"
    },
    {
        "action": "checkout",
        "course": "Group 17",
        "fingerprint": "6d3b944d62782d93823b0af28f65fd5d",
        "ip": "192.168.8.144",
        "matric": "2023005739",
        "name": "Liasu Emmanuel Eniola",
        "prevHash": "0cb0f055702f84d917989d8471bb9da1c671786e73165b7d1f3b93e83924c112",
        "timestamp": "2025-07-14 14:20:43",
        "userAgent": "Mozilla/5.0 (Linux; Android 10; K) AppleWebKit/537.36 (KHTML, like Gecko) Chrome/137.0.0.0 Mobile Safari/537.36",
        "hash": "6415ad77de1dd89a227a3b3db7698b43ed7d9efcd42889a8f28f098677a1b617"
    },
    {
        "action": "checkout",
        "course": "Group 17",
        "fingerprint": "4f91f6c577e342f8126ed1dfc613c1df",
        "ip": "192.168.8.134",
        "matric": "2023011681",
        "name": "Adebisi Olaide Ezekiel",
        "prevHash": "6415ad77de1dd89a227a3b3db7698b43ed7d9efcd42889a8f28f098677a1b617",
        "timestamp": "2025-07-14 14:20:46",
        "userAgent": "Mozilla/5.0 (iPhone; CPU iPhone OS 18_5 like Mac OS X) AppleWebKit/605.1.15 (KHTML, like Gecko) Version/18.5 Mobile/15E148 Safari/604.1",
        "hash": "5ab9a76a97ebe55e0032c1c2cd5b432bdb5f92db5b64ee85a06c8dbd027133fb"
    },
    {
        "action": "checkout",
        "course": "Group 17",
        "fingerprint": "2565dd0f9c7980a0fc82e0c186988749",
        "ip": "192.168.8.148",
        "matric": "2024013072",
        "name": "ADELEKE VICTOR ADEOLUWA",
        "prevHash": "5ab9a76a97ebe55e0032c1c2cd5b432bdb5f92db5b64ee85a06c8dbd027133fb",
        "timestamp": "2025-07-14 14:20:51",
        "userAgent": "Mozilla/5.0 (iPhone; CPU iPhone OS 18_3_1 like Mac OS X) AppleWebKit/605.1.15 (KHTML, like Gecko) Version/18.3 Mobile/15E148 Safari/604.1",
        "hash": "1e0ec22a51865f0abc313412cab7dee6eef56765f505ebd83edb479fc6067b82"
    },
    {
        "timestamp": "2025-10-24 03:22:48",
        "name": "Akintunde Dolapo",
        "matric": "2023011345",
        "action": "checkin",
        "fingerprint": "6da9c4106372bb8fd08d401623df6b09_cb8a97aa-1801-4ee1-a004-786fda356618",
        "ip": "::1",
        "userAgent": "Mozilla/5.0 (Windows NT 10.0; Win64; x64) AppleWebKit/537.36 (KHTML, like Gecko) Chrome/140.0.0.0 Safari/537.36 AVG/140.0.0.0",
        "course": "Group 14",
        "prevHash": "1e0ec22a51865f0abc313412cab7dee6eef56765f505ebd83edb479fc6067b82",
        "hash": "55c41ae8eb6c846fdb13d3eb2e56a3c676ff2acec52e0ee5183e9f90b9595c7f"
    },
    {
        "timestamp": "2025-10-24 03:23:32",
        "name": "Akintunde Dolapo",
        "matric": "2023011345",
        "action": "checkout",
        "fingerprint": "6da9c4106372bb8fd08d401623df6b09_cb8a97aa-1801-4ee1-a004-786fda356618",
        "ip": "::1",
        "userAgent": "Mozilla/5.0 (Windows NT 10.0; Win64; x64) AppleWebKit/537.36 (KHTML, like Gecko) Chrome/140.0.0.0 Safari/537.36 AVG/140.0.0.0",
        "course": "Group 14",
        "prevHash": "55c41ae8eb6c846fdb13d3eb2e56a3c676ff2acec52e0ee5183e9f90b9595c7f",
        "hash": "04dad3610e42778960936a9801558518efd7ffa03ce0f2234d25209044212a3f"
    }
]